"","SITE","site_status.x","metrics","value"
"1","ANACAPA_ADMIRALS_CEN","reference","Observed",500
"2","ANACAPA_ADMIRALS_CEN","reference","Shannon",3.97174617925
"3","ANACAPA_ADMIRALS_CEN","reference","InvSimpson",29.879666700511
"4","ANACAPA_ADMIRALS_CEN","reference","Biomass",20221.75
"5","ANACAPA_ADMIRALS_E","reference","Observed",675
"6","ANACAPA_ADMIRALS_E","reference","Shannon",4.50461327382974
"7","ANACAPA_ADMIRALS_E","reference","InvSimpson",49.6407057536479
"8","ANACAPA_ADMIRALS_E","reference","Biomass",18157.35
"9","ANACAPA_ADMIRALS_W","reference","Observed",408
"10","ANACAPA_ADMIRALS_W","reference","Shannon",3.46967181233073
"11","ANACAPA_ADMIRALS_W","reference","InvSimpson",19.3879890036294
"12","ANACAPA_ADMIRALS_W","reference","Biomass",26011.75
"13","ANACAPA_BLACK_SEA_BASS","MPA","Observed",NA
"14","ANACAPA_BLACK_SEA_BASS","MPA","Shannon",NA
"15","ANACAPA_BLACK_SEA_BASS","MPA","InvSimpson",NA
"16","ANACAPA_BLACK_SEA_BASS","MPA","Biomass",NA
"17","ANACAPA_EAST_FISH_CAMP_CEN","reference","Observed",1036
"18","ANACAPA_EAST_FISH_CAMP_CEN","reference","Shannon",4.67781624855586
"19","ANACAPA_EAST_FISH_CAMP_CEN","reference","InvSimpson",58.8863428013304
"20","ANACAPA_EAST_FISH_CAMP_CEN","reference","Biomass",41022.25
"21","ANACAPA_EAST_FISH_CAMP_E","reference","Observed",925
"22","ANACAPA_EAST_FISH_CAMP_E","reference","Shannon",4.14426617470559
"23","ANACAPA_EAST_FISH_CAMP_E","reference","InvSimpson",40.9387986255256
"24","ANACAPA_EAST_FISH_CAMP_E","reference","Biomass",73314.75
"25","ANACAPA_EAST_FISH_CAMP_W","reference","Observed",1109
"26","ANACAPA_EAST_FISH_CAMP_W","reference","Shannon",5.1584521389014
"27","ANACAPA_EAST_FISH_CAMP_W","reference","InvSimpson",100.380921233663
"28","ANACAPA_EAST_FISH_CAMP_W","reference","Biomass",34822
"29","ANACAPA_EAST_ISLE_CEN","MPA","Observed",20491
"30","ANACAPA_EAST_ISLE_CEN","MPA","Shannon",8.3302140590258
"31","ANACAPA_EAST_ISLE_CEN","MPA","InvSimpson",2367.54846578904
"32","ANACAPA_EAST_ISLE_CEN","MPA","Biomass",407404.381898
"33","ANACAPA_EAST_ISLE_E","MPA","Observed",21431
"34","ANACAPA_EAST_ISLE_E","MPA","Shannon",8.52757407093002
"35","ANACAPA_EAST_ISLE_E","MPA","InvSimpson",3087.16179736473
"36","ANACAPA_EAST_ISLE_E","MPA","Biomass",386397.510357
"37","ANACAPA_EAST_ISLE_W","MPA","Observed",19830
"38","ANACAPA_EAST_ISLE_W","MPA","Shannon",8.18489485881736
"39","ANACAPA_EAST_ISLE_W","MPA","InvSimpson",2236.7687040038
"40","ANACAPA_EAST_ISLE_W","MPA","Biomass",459506.225161
"41","ANACAPA_LIGHTHOUSE_REEF_CEN","reference","Observed",8997
"42","ANACAPA_LIGHTHOUSE_REEF_CEN","reference","Shannon",6.88974476026803
"43","ANACAPA_LIGHTHOUSE_REEF_CEN","reference","InvSimpson",480.243021440074
"44","ANACAPA_LIGHTHOUSE_REEF_CEN","reference","Biomass",323816.75
"45","ANACAPA_LIGHTHOUSE_REEF_E","reference","Observed",8986
"46","ANACAPA_LIGHTHOUSE_REEF_E","reference","Shannon",6.78042197529196
"47","ANACAPA_LIGHTHOUSE_REEF_E","reference","InvSimpson",413.745604458429
"48","ANACAPA_LIGHTHOUSE_REEF_E","reference","Biomass",304405.5
"49","ANACAPA_LIGHTHOUSE_REEF_W","reference","Observed",8899
"50","ANACAPA_LIGHTHOUSE_REEF_W","reference","Shannon",6.74878767635568
"51","ANACAPA_LIGHTHOUSE_REEF_W","reference","InvSimpson",478.059820346193
"52","ANACAPA_LIGHTHOUSE_REEF_W","reference","Biomass",454060
"53","ANACAPA_MIDDLE_ISLE_CEN","MPA","Observed",15955
"54","ANACAPA_MIDDLE_ISLE_CEN","MPA","Shannon",7.52583571965987
"55","ANACAPA_MIDDLE_ISLE_CEN","MPA","InvSimpson",766.150285414697
"56","ANACAPA_MIDDLE_ISLE_CEN","MPA","Biomass",397790.976914
"57","ANACAPA_MIDDLE_ISLE_E","MPA","Observed",16145
"58","ANACAPA_MIDDLE_ISLE_E","MPA","Shannon",7.41668824093123
"59","ANACAPA_MIDDLE_ISLE_E","MPA","InvSimpson",779.751339023374
"60","ANACAPA_MIDDLE_ISLE_E","MPA","Biomass",577915.417473
"61","ANACAPA_MIDDLE_ISLE_W","MPA","Observed",14082
"62","ANACAPA_MIDDLE_ISLE_W","MPA","Shannon",6.71612403207114
"63","ANACAPA_MIDDLE_ISLE_W","MPA","InvSimpson",405.719690160312
"64","ANACAPA_MIDDLE_ISLE_W","MPA","Biomass",688244.625162
"65","ANACAPA_WEST_ISLE_CEN","MPA","Observed",13802
"66","ANACAPA_WEST_ISLE_CEN","MPA","Shannon",7.61512830442007
"67","ANACAPA_WEST_ISLE_CEN","MPA","InvSimpson",930.481257959689
"68","ANACAPA_WEST_ISLE_CEN","MPA","Biomass",316797.25
"69","ANACAPA_WEST_ISLE_E","MPA","Observed",12702
"70","ANACAPA_WEST_ISLE_E","MPA","Shannon",7.32756665233907
"71","ANACAPA_WEST_ISLE_E","MPA","InvSimpson",790.911731123483
"72","ANACAPA_WEST_ISLE_E","MPA","Biomass",361791
"73","ANACAPA_WEST_ISLE_W","MPA","Observed",13932
"74","ANACAPA_WEST_ISLE_W","MPA","Shannon",7.48867073708456
"75","ANACAPA_WEST_ISLE_W","MPA","InvSimpson",753.451210721755
"76","ANACAPA_WEST_ISLE_W","MPA","Biomass",277831.915515
"77","ANDREW_MOLERA_DC","MPA","Observed",7575
"78","ANDREW_MOLERA_DC","MPA","Shannon",7.10562909845084
"79","ANDREW_MOLERA_DC","MPA","InvSimpson",731.379188508409
"80","ANDREW_MOLERA_DC","MPA","Biomass",87254.503317
"81","ANDREW_MOLERA_OLD_DC","MPA","Observed",37
"82","ANDREW_MOLERA_OLD_DC","MPA","Shannon",1.3876903703547
"83","ANDREW_MOLERA_OLD_DC","MPA","InvSimpson",2.44202197527858
"84","ANDREW_MOLERA_OLD_DC","MPA","Biomass",690.083373
"85","ANDREW_MOLERA_UC","MPA","Observed",5330
"86","ANDREW_MOLERA_UC","MPA","Shannon",6.8182731091142
"87","ANDREW_MOLERA_UC","MPA","InvSimpson",601.543381449645
"88","ANDREW_MOLERA_UC","MPA","Biomass",65057.239191
"89","ARGUELLO_E","reference","Observed",29
"90","ARGUELLO_E","reference","Shannon",1.73008225892699
"91","ARGUELLO_E","reference","InvSimpson",3.7358019072901
"92","ARGUELLO_E","reference","Biomass",178.142857
"93","ARGUELLO_W","reference","Observed",23
"94","ARGUELLO_W","reference","Shannon",1.30293569007025
"95","ARGUELLO_W","reference","InvSimpson",2.58586784092301
"96","ARGUELLO_W","reference","Biomass",169.208333
"97","ARROYO_QUEMADO_E","reference","Observed",6938
"98","ARROYO_QUEMADO_E","reference","Shannon",6.99152545935735
"99","ARROYO_QUEMADO_E","reference","InvSimpson",656.80547206386
"100","ARROYO_QUEMADO_E","reference","Biomass",114862.834127
"101","ARROYO_QUEMADO_W","reference","Observed",6858
"102","ARROYO_QUEMADO_W","reference","Shannon",6.81897673061221
"103","ARROYO_QUEMADO_W","reference","InvSimpson",483.130012807505
"104","ARROYO_QUEMADO_W","reference","Biomass",109398.333344
"105","ASILOMAR_DC","MPA","Observed",360
"106","ASILOMAR_DC","MPA","Shannon",4.28299067429521
"107","ASILOMAR_DC","MPA","InvSimpson",42.311101854353
"108","ASILOMAR_DC","MPA","Biomass",2251.750068
"109","ASILOMAR_UC","MPA","Observed",381
"110","ASILOMAR_UC","MPA","Shannon",4.23529802474427
"111","ASILOMAR_UC","MPA","InvSimpson",36.0850612310624
"112","ASILOMAR_UC","MPA","Biomass",1979.750115
"113","BIG_CREEK_DC","MPA","Observed",5687
"114","BIG_CREEK_DC","MPA","Shannon",6.76181862001253
"115","BIG_CREEK_DC","MPA","InvSimpson",521.114443749345
"116","BIG_CREEK_DC","MPA","Biomass",58970.083216
"117","BIG_CREEK_UC","MPA","Observed",6924
"118","BIG_CREEK_UC","MPA","Shannon",7.20762954701003
"119","BIG_CREEK_UC","MPA","InvSimpson",824.417182488956
"120","BIG_CREEK_UC","MPA","Biomass",75904.50324
"121","BIRD_ROCK","reference","Observed",381
"122","BIRD_ROCK","reference","Shannon",4.56758524523893
"123","BIRD_ROCK","reference","InvSimpson",61.067196527066
"124","BIRD_ROCK","reference","Biomass",2247.999978
"125","BIXBY","reference","Observed",1140
"126","BIXBY","reference","Shannon",4.78852962997948
"127","BIXBY","reference","InvSimpson",74.3664644391576
"128","BIXBY","reference","Biomass",35831.249805
"129","BLUEFISH_DC","MPA","Observed",25944
"130","BLUEFISH_DC","MPA","Shannon",7.75485889345094
"131","BLUEFISH_DC","MPA","InvSimpson",689.790369238867
"132","BLUEFISH_DC","MPA","Biomass",421885.739934
"133","BLUEFISH_UC","MPA","Observed",27175
"134","BLUEFISH_UC","MPA","Shannon",7.73359294201419
"135","BLUEFISH_UC","MPA","InvSimpson",637.170125633949
"136","BLUEFISH_UC","MPA","Biomass",326843.707875
"137","BUCHON","MPA","Observed",6192
"138","BUCHON","MPA","Shannon",7.17207442939644
"139","BUCHON","MPA","InvSimpson",640.876727816806
"140","BUCHON","MPA","Biomass",55223.333472
"141","BULLITO","reference","Observed",915
"142","BULLITO","reference","Shannon",4.92648026928871
"143","BULLITO","reference","InvSimpson",79.9591548632607
"144","BULLITO","reference","Biomass",11597.0832
"145","BUTTERFLY_DC","MPA","Observed",9157
"146","BUTTERFLY_DC","MPA","Shannon",6.77820003302189
"147","BUTTERFLY_DC","MPA","InvSimpson",216.687492339587
"148","BUTTERFLY_DC","MPA","Biomass",127091.24292
"149","BUTTERFLY_UC","MPA","Observed",9450
"150","BUTTERFLY_UC","MPA","Shannon",6.92011014384054
"151","BUTTERFLY_UC","MPA","InvSimpson",380.367688969645
"152","BUTTERFLY_UC","MPA","Biomass",120030.1634
"153","CAMBRIA_DC","MPA","Observed",4420
"154","CAMBRIA_DC","MPA","Shannon",6.68207998663424
"155","CAMBRIA_DC","MPA","InvSimpson",471.501419219309
"156","CAMBRIA_DC","MPA","Biomass",37134.46979
"157","CAMBRIA_UC","MPA","Observed",3950
"158","CAMBRIA_UC","MPA","Shannon",6.60381190589905
"159","CAMBRIA_UC","MPA","InvSimpson",410.279831983969
"160","CAMBRIA_UC","MPA","Biomass",30653.88784
"161","CANNERY_DC","MPA","Observed",6204
"162","CANNERY_DC","MPA","Shannon",6.38357134045301
"163","CANNERY_DC","MPA","InvSimpson",273.484162549606
"164","CANNERY_DC","MPA","Biomass",110997.000252
"165","CANNERY_UC","MPA","Observed",6540
"166","CANNERY_UC","MPA","Shannon",6.34124026773588
"167","CANNERY_UC","MPA","InvSimpson",274.210172523863
"168","CANNERY_UC","MPA","Biomass",131097.662652
"169","CARMEL_DC","MPA","Observed",NA
"170","CARMEL_DC","MPA","Shannon",NA
"171","CARMEL_DC","MPA","InvSimpson",NA
"172","CARMEL_DC","MPA","Biomass",NA
"173","CARMEL_UC","MPA","Observed",NA
"174","CARMEL_UC","MPA","Shannon",NA
"175","CARMEL_UC","MPA","InvSimpson",NA
"176","CARMEL_UC","MPA","Biomass",NA
"177","CAT_BLUE_CAVERN","MPA","Observed",NA
"178","CAT_BLUE_CAVERN","MPA","Shannon",NA
"179","CAT_BLUE_CAVERN","MPA","InvSimpson",NA
"180","CAT_BLUE_CAVERN","MPA","Biomass",NA
"181","CAT_INTAKE_PIPES","MPA","Observed",NA
"182","CAT_INTAKE_PIPES","MPA","Shannon",NA
"183","CAT_INTAKE_PIPES","MPA","InvSimpson",NA
"184","CAT_INTAKE_PIPES","MPA","Biomass",NA
"185","CAT_PUMPERNICKEL","MPA","Observed",NA
"186","CAT_PUMPERNICKEL","MPA","Shannon",NA
"187","CAT_PUMPERNICKEL","MPA","InvSimpson",NA
"188","CAT_PUMPERNICKEL","MPA","Biomass",NA
"189","CAYUCOS_DC","reference","Observed",1869
"190","CAYUCOS_DC","reference","Shannon",5.45699719354617
"191","CAYUCOS_DC","reference","InvSimpson",135.750300872701
"192","CAYUCOS_DC","reference","Biomass",21201.395502
"193","CAYUCOS_UC","reference","Observed",2009
"194","CAYUCOS_UC","reference","Shannon",5.65501333934192
"195","CAYUCOS_UC","reference","InvSimpson",163.568220749031
"196","CAYUCOS_UC","reference","Biomass",18548.833429
"197","CHINA_ROCK","reference","Observed",372
"198","CHINA_ROCK","reference","Shannon",4.45232342403336
"199","CHINA_ROCK","reference","InvSimpson",49.1167823262569
"200","CHINA_ROCK","reference","Biomass",1625.750028
"201","COJO_E","reference","Observed",6202
"202","COJO_E","reference","Shannon",6.52326763057087
"203","COJO_E","reference","InvSimpson",399.436665749086
"204","COJO_E","reference","Biomass",106134.00406
"205","COJO_W","MPA","Observed",6234
"206","COJO_W","MPA","Shannon",6.57674033673519
"207","COJO_W","MPA","InvSimpson",427.000554342847
"208","COJO_W","MPA","Biomass",111978.200478
"209","COOPER","MPA","Observed",1995
"210","COOPER","MPA","Shannon",5.88857573306532
"211","COOPER","MPA","InvSimpson",182.534791053805
"212","COOPER","MPA","Biomass",22143.799783
"213","COUNTY_LINE","reference","Observed",788
"214","COUNTY_LINE","reference","Shannon",4.24070888899749
"215","COUNTY_LINE","reference","InvSimpson",37.2402373072205
"216","COUNTY_LINE","reference","Biomass",22204.999548
"217","CROWBAR","MPA","Observed",4670
"218","CROWBAR","MPA","Shannon",6.36417402338759
"219","CROWBAR","MPA","InvSimpson",233.626781679023
"220","CROWBAR","MPA","Biomass",61036.11195
"221","CYPRESS_PT_DC","reference","Observed",3228
"222","CYPRESS_PT_DC","reference","Shannon",5.56448259877444
"223","CYPRESS_PT_DC","reference","InvSimpson",111.647270071766
"224","CYPRESS_PT_DC","reference","Biomass",84703.727298
"225","CYPRESS_PT_UC","reference","Observed",420
"226","CYPRESS_PT_UC","reference","Shannon",4.81064982441334
"227","CYPRESS_PT_UC","reference","InvSimpson",76.6138964135957
"228","CYPRESS_PT_UC","reference","Biomass",2751.500103
"229","DOLAN_DC","MPA","Observed",184
"230","DOLAN_DC","MPA","Shannon",3.339673810406
"231","DOLAN_DC","MPA","InvSimpson",17.6417292185966
"232","DOLAN_DC","MPA","Biomass",1963.166752
"233","DOLAN_UC","MPA","Observed",426
"234","DOLAN_UC","MPA","Shannon",4.34088669186588
"235","DOLAN_UC","MPA","InvSimpson",47.1456241741033
"236","DOLAN_UC","MPA","Biomass",4531.250412
"237","DUCK_POND_DC","reference","Observed",170
"238","DUCK_POND_DC","reference","Shannon",3.59181002061205
"239","DUCK_POND_DC","reference","InvSimpson",21.6184951742813
"240","DUCK_POND_DC","reference","Biomass",1941.944464
"241","DUCK_POND_UC","reference","Observed",156
"242","DUCK_POND_UC","reference","Shannon",3.45644297942886
"243","DUCK_POND_UC","reference","InvSimpson",21.2794704476317
"244","DUCK_POND_UC","reference","Biomass",2651.333362
"245","DUNES","reference","Observed",62
"246","DUNES","reference","Shannon",2.66692461802365
"247","DUNES","reference","InvSimpson",7.63405197085846
"248","DUNES","reference","Biomass",239.499998
"249","EL_MATADOR","MPA","Observed",740
"250","EL_MATADOR","MPA","Shannon",4.76791243619615
"251","EL_MATADOR","MPA","InvSimpson",75.0334584430705
"252","EL_MATADOR","MPA","Biomass",15647.667304
"253","ESALEN_DC","reference","Observed",5181
"254","ESALEN_DC","reference","Shannon",6.71520515853134
"255","ESALEN_DC","reference","InvSimpson",484.711697384013
"256","ESALEN_DC","reference","Biomass",72290.467546
"257","ESALEN_UC","reference","Observed",6252
"258","ESALEN_UC","reference","Shannon",6.91902403725399
"259","ESALEN_UC","reference","InvSimpson",569.821900077505
"260","ESALEN_UC","reference","Biomass",74470.559688
"261","ESTERO","reference","Observed",784
"262","ESTERO","reference","Shannon",4.96548651196345
"263","ESTERO","reference","InvSimpson",90.4662187183751
"264","ESTERO","reference","Biomass",7968.833964
"265","FALSE_SUR","MPA","Observed",1369
"266","FALSE_SUR","MPA","Shannon",5.51926713810241
"267","FALSE_SUR","MPA","InvSimpson",142.752890835149
"268","FALSE_SUR","MPA","Biomass",18931.667144
"269","FULLERS","reference","Observed",176
"270","FULLERS","reference","Shannon",3.18176599783833
"271","FULLERS","reference","InvSimpson",15.6275967104544
"272","FULLERS","reference","Biomass",2338.000194
"273","GREEN_PEAK","reference","Observed",3644
"274","GREEN_PEAK","reference","Shannon",6.28622584108991
"275","GREEN_PEAK","reference","InvSimpson",274.638145483948
"276","GREEN_PEAK","reference","Biomass",42806.501303
"277","HARMONY","reference","Observed",813
"278","HARMONY","reference","Shannon",4.91070840956694
"279","HARMONY","reference","InvSimpson",74.5468096130875
"280","HARMONY","reference","Biomass",5011.972321
"281","HOPKINS_DC","MPA","Observed",26784
"282","HOPKINS_DC","MPA","Shannon",7.33660212277023
"283","HOPKINS_DC","MPA","InvSimpson",487.9239922991
"284","HOPKINS_DC","MPA","Biomass",432548.090256
"285","HOPKINS_UC","MPA","Observed",26160
"286","HOPKINS_UC","MPA","Shannon",7.62087981635359
"287","HOPKINS_UC","MPA","InvSimpson",498.116895584804
"288","HOPKINS_UC","MPA","Biomass",414220.000992
"289","HORSESHOE_REEF_E","reference","Observed",5589
"290","HORSESHOE_REEF_E","reference","Shannon",6.44108642273271
"291","HORSESHOE_REEF_E","reference","InvSimpson",351.739209946101
"292","HORSESHOE_REEF_E","reference","Biomass",137128.838161
"293","HORSESHOE_REEF_W","reference","Observed",6638
"294","HORSESHOE_REEF_W","reference","Shannon",7.0465564757197
"295","HORSESHOE_REEF_W","reference","InvSimpson",569.378754501916
"296","HORSESHOE_REEF_W","reference","Biomass",79718.167727
"297","IV_REEF_E","MPA","Observed",4917
"298","IV_REEF_E","MPA","Shannon",6.03914180652338
"299","IV_REEF_E","MPA","InvSimpson",226.03850813165
"300","IV_REEF_E","MPA","Biomass",126993.083715
"301","IV_REEF_W","MPA","Observed",6807
"302","IV_REEF_W","MPA","Shannon",6.82946155668127
"303","IV_REEF_W","MPA","InvSimpson",542.370798498615
"304","IV_REEF_W","MPA","Biomass",167251.666896
"305","JALAMA_N","reference","Observed",7196
"306","JALAMA_N","reference","Shannon",6.59106441213167
"307","JALAMA_N","reference","InvSimpson",366.365975130846
"308","JALAMA_N","reference","Biomass",106750.19873
"309","JALAMA_S","reference","Observed",5615
"310","JALAMA_S","reference","Shannon",6.47350246093724
"311","JALAMA_S","reference","InvSimpson",379.29459455104
"312","JALAMA_S","reference","Biomass",81504.1315
"313","LA_CRUZ_DC","MPA","Observed",1290
"314","LA_CRUZ_DC","MPA","Shannon",5.7222223442152
"315","LA_CRUZ_DC","MPA","InvSimpson",213.614160531695
"316","LA_CRUZ_DC","MPA","Biomass",11049.033354
"317","LA_CRUZ_UC","MPA","Observed",1338
"318","LA_CRUZ_UC","MPA","Shannon",5.59696844358041
"319","LA_CRUZ_UC","MPA","InvSimpson",191.483161754296
"320","LA_CRUZ_UC","MPA","Biomass",14603.500578
"321","LEO_CARRILLO","reference","Observed",788
"322","LEO_CARRILLO","reference","Shannon",5.00022554480609
"323","LEO_CARRILLO","reference","InvSimpson",82.200307912407
"324","LEO_CARRILLO","reference","Biomass",12099.000108
"325","LINGCOD_DC","reference","Observed",240
"326","LINGCOD_DC","reference","Shannon",4.16350580810342
"327","LINGCOD_DC","reference","InvSimpson",44.6934771739392
"328","LINGCOD_DC","reference","Biomass",2115.000003
"329","LINGCOD_UC","reference","Observed",260
"330","LINGCOD_UC","reference","Shannon",4.03999703456693
"331","LINGCOD_UC","reference","InvSimpson",31.1903524324242
"332","LINGCOD_UC","reference","Biomass",1955.16652
"333","LITTLE_DUME","MPA","Observed",832
"334","LITTLE_DUME","MPA","Shannon",4.71648518748949
"335","LITTLE_DUME","MPA","InvSimpson",55.8841080976996
"336","LITTLE_DUME","MPA","Biomass",13937.666444
"337","LITTLE_IRISH_CEN","reference","Observed",3249
"338","LITTLE_IRISH_CEN","reference","Shannon",6.25643262090795
"339","LITTLE_IRISH_CEN","reference","InvSimpson",309.451609706481
"340","LITTLE_IRISH_CEN","reference","Biomass",34689.7503
"341","LITTLE_IRISH_DC","reference","Observed",5005
"342","LITTLE_IRISH_DC","reference","Shannon",6.59462920593103
"343","LITTLE_IRISH_DC","reference","InvSimpson",409.077087374819
"344","LITTLE_IRISH_DC","reference","Biomass",45401.278076
"345","LITTLE_IRISH_UC","reference","Observed",5652
"346","LITTLE_IRISH_UC","reference","Shannon",6.90462711251223
"347","LITTLE_IRISH_UC","reference","InvSimpson",599.620804937472
"348","LITTLE_IRISH_UC","reference","Biomass",50682.9417
"349","LONE_TREE","reference","Observed",5434
"350","LONE_TREE","reference","Shannon",5.42821383989789
"351","LONE_TREE","reference","InvSimpson",98.5763967043616
"352","LONE_TREE","reference","Biomass",170009.58579
"353","LOPEZ_DC","reference","Observed",4100
"354","LOPEZ_DC","reference","Shannon",6.63536569786167
"355","LOPEZ_DC","reference","InvSimpson",486.66621524476
"356","LOPEZ_DC","reference","Biomass",48389.99966
"357","LOPEZ_OLD_UC","reference","Observed",29
"358","LOPEZ_OLD_UC","reference","Shannon",1.94383215837187
"359","LOPEZ_OLD_UC","reference","InvSimpson",5.00922329933511
"360","LOPEZ_OLD_UC","reference","Biomass",453.33333
"361","LOPEZ_UC","reference","Observed",4972
"362","LOPEZ_UC","reference","Shannon",6.67233261522234
"363","LOPEZ_UC","reference","InvSimpson",513.714924769026
"364","LOPEZ_UC","reference","Biomass",58118.791676
"365","LOVERS_DC","MPA","Observed",8287
"366","LOVERS_DC","MPA","Shannon",6.47374838571494
"367","LOVERS_DC","MPA","InvSimpson",252.266785685893
"368","LOVERS_DC","MPA","Biomass",138608.58936
"369","LOVERS_UC","MPA","Observed",8328
"370","LOVERS_UC","MPA","Shannon",6.31275180409538
"371","LOVERS_UC","MPA","InvSimpson",223.120808611102
"372","LOVERS_UC","MPA","Biomass",154094.783072
"373","LUCIA_DC","reference","Observed",100
"374","LUCIA_DC","reference","Shannon",2.97766051252137
"375","LUCIA_DC","reference","InvSimpson",11.8098064497653
"376","LUCIA_DC","reference","Biomass",2467.9332
"377","LUCIA_UC","reference","Observed",128
"378","LUCIA_UC","reference","Shannon",3.21166601452019
"379","LUCIA_UC","reference","InvSimpson",16.2800546391922
"380","LUCIA_UC","reference","Biomass",2124.44444
"381","MACABEE_DC","MPA","Observed",23354
"382","MACABEE_DC","MPA","Shannon",7.71359691205863
"383","MACABEE_DC","MPA","InvSimpson",822.516835897387
"384","MACABEE_DC","MPA","Biomass",308669.789164
"385","MACABEE_UC","MPA","Observed",24168
"386","MACABEE_UC","MPA","Shannon",7.87262075311721
"387","MACABEE_UC","MPA","InvSimpson",1198.94671968755
"388","MACABEE_UC","MPA","Biomass",288642.042952
"389","MALPASO","reference","Observed",12707
"390","MALPASO","reference","Shannon",6.73004154828332
"391","MALPASO","reference","InvSimpson",280.467027492987
"392","MALPASO","reference","Biomass",278505.494005
"393","MCWAY_DC","reference","Observed",44
"394","MCWAY_DC","reference","Shannon",2.33885132410989
"395","MCWAY_DC","reference","InvSimpson",7.22741057463161
"396","MCWAY_DC","reference","Biomass",579.08326
"397","MCWAY_UC","reference","Observed",42
"398","MCWAY_UC","reference","Shannon",2.47401260373811
"399","MCWAY_UC","reference","InvSimpson",7.65977246018696
"400","MCWAY_UC","reference","Biomass",388.666672
"401","MILL_CREEK_DC","reference","Observed",1500
"402","MILL_CREEK_DC","reference","Shannon",5.6913125483158
"403","MILL_CREEK_DC","reference","InvSimpson",194.636561401772
"404","MILL_CREEK_DC","reference","Biomass",19625.500476
"405","MILL_CREEK_UC","reference","Observed",1500
"406","MILL_CREEK_UC","reference","Shannon",5.67765715044869
"407","MILL_CREEK_UC","reference","InvSimpson",180.280139180075
"408","MILL_CREEK_UC","reference","Biomass",16203.99942
"409","MONASTERY_DC","MPA","Observed",27512
"410","MONASTERY_DC","MPA","Shannon",7.72459165806739
"411","MONASTERY_DC","MPA","InvSimpson",634.253716576212
"412","MONASTERY_DC","MPA","Biomass",386206.064253
"413","MONASTERY_UC","MPA","Observed",25760
"414","MONASTERY_UC","MPA","Shannon",7.97908598489567
"415","MONASTERY_UC","MPA","InvSimpson",1086.03588424285
"416","MONASTERY_UC","MPA","Biomass",327412.390153
"417","MONTANA_DE_ORO","MPA","Observed",6288
"418","MONTANA_DE_ORO","MPA","Shannon",7.12294745513903
"419","MONTANA_DE_ORO","MPA","InvSimpson",595.049730402124
"420","MONTANA_DE_ORO","MPA","Biomass",53134.666464
"421","NAPLES_CEN","MPA","Observed",22351
"422","NAPLES_CEN","MPA","Shannon",8.05668129561778
"423","NAPLES_CEN","MPA","InvSimpson",1203.11983233076
"424","NAPLES_CEN","MPA","Biomass",564588.718181
"425","NAPLES_E","MPA","Observed",15139
"426","NAPLES_E","MPA","Shannon",7.87204545402534
"427","NAPLES_E","MPA","InvSimpson",1159.24780460129
"428","NAPLES_E","MPA","Biomass",290439.700938
"429","NAPLES_W","MPA","Observed",12840
"430","NAPLES_W","MPA","Shannon",7.87401004512709
"431","NAPLES_W","MPA","InvSimpson",1458.11021144121
"432","NAPLES_W","MPA","Biomass",260277.499955
"433","NORTH_SAN_SIMEON","reference","Observed",160
"434","NORTH_SAN_SIMEON","reference","Shannon",3.30940414772281
"435","NORTH_SAN_SIMEON","reference","InvSimpson",19.6323892036499
"436","NORTH_SAN_SIMEON","reference","Biomass",1807.999882
"437","OTTER_PT_DC","MPA","Observed",10320
"438","OTTER_PT_DC","MPA","Shannon",6.52055664747814
"439","OTTER_PT_DC","MPA","InvSimpson",256.313032231394
"440","OTTER_PT_DC","MPA","Biomass",222033.75639
"441","OTTER_PT_UC","MPA","Observed",9789
"442","OTTER_PT_UC","MPA","Shannon",6.63351927715804
"443","OTTER_PT_UC","MPA","InvSimpson",296.292520962188
"444","OTTER_PT_UC","MPA","Biomass",165835.482622
"445","PALO_COLORADO","reference","Observed",6049
"446","PALO_COLORADO","reference","Shannon",5.80644816338975
"447","PALO_COLORADO","reference","InvSimpson",121.817698133885
"448","PALO_COLORADO","reference","Biomass",160019.380146
"449","PARANOIDS","MPA","Observed",178
"450","PARANOIDS","MPA","Shannon",3.50403502824593
"451","PARANOIDS","MPA","InvSimpson",20.6386840244193
"452","PARANOIDS","MPA","Biomass",1247.00002
"453","PARTINGTON","reference","Observed",52
"454","PARTINGTON","reference","Shannon",2.56432565587592
"455","PARTINGTON","reference","InvSimpson",7.13839192302535
"456","PARTINGTON","reference","Biomass",312.416672
"457","PESCADERO_DC","reference","Observed",19460
"458","PESCADERO_DC","reference","Shannon",7.78536393218844
"459","PESCADERO_DC","reference","InvSimpson",857.697945801231
"460","PESCADERO_DC","reference","Biomass",261293.70262
"461","PESCADERO_UC","reference","Observed",17271
"462","PESCADERO_UC","reference","Shannon",6.94776434341421
"463","PESCADERO_UC","reference","InvSimpson",281.335878216405
"464","PESCADERO_UC","reference","Biomass",327258.023918
"465","PICO_CREEK_DC","MPA","Observed",146
"466","PICO_CREEK_DC","MPA","Shannon",3.16810332281514
"467","PICO_CREEK_DC","MPA","InvSimpson",15.3866340866017
"468","PICO_CREEK_DC","MPA","Biomass",2007.000052
"469","PICO_CREEK_UC","MPA","Observed",168
"470","PICO_CREEK_UC","MPA","Shannon",3.22019310232144
"471","PICO_CREEK_UC","MPA","InvSimpson",16.5154017265019
"472","PICO_CREEK_UC","MPA","Biomass",2242.999844
"473","PINNACLES_IN","MPA","Observed",644
"474","PINNACLES_IN","MPA","Shannon",5.4184783667215
"475","PINNACLES_IN","MPA","InvSimpson",146.568270599508
"476","PINNACLES_IN","MPA","Biomass",3794.333292
"477","PINNACLES_OUT","MPA","Observed",596
"478","PINNACLES_OUT","MPA","Shannon",5.16354351921394
"479","PINNACLES_OUT","MPA","InvSimpson",108.531067621875
"480","PINNACLES_OUT","MPA","Biomass",5421.000208
"481","PINOS","MPA","Observed",8848
"482","PINOS","MPA","Shannon",6.54603899677786
"483","PINOS","MPA","InvSimpson",227.932576671479
"484","PINOS","MPA","Biomass",146527.505614
"485","PLASKETT_DC","reference","Observed",1542
"486","PLASKETT_DC","reference","Shannon",5.49206420252325
"487","PLASKETT_DC","reference","InvSimpson",155.779498468298
"488","PLASKETT_DC","reference","Biomass",23589.500088
"489","PLASKETT_UC","reference","Observed",1608
"490","PLASKETT_UC","reference","Shannon",5.55657773381077
"491","PLASKETT_UC","reference","InvSimpson",145.456115700577
"492","PLASKETT_UC","reference","Biomass",18803.500536
"493","POINT_DUME","MPA","Observed",804
"494","POINT_DUME","MPA","Shannon",4.81027670678402
"495","POINT_DUME","MPA","InvSimpson",58.2573588719858
"496","POINT_DUME","MPA","Biomass",21567.000244
"497","PT_JOE","reference","Observed",426
"498","PT_JOE","reference","Shannon",4.51006900795702
"499","PT_JOE","reference","InvSimpson",53.0289403384709
"500","PT_JOE","reference","Biomass",2307.499998
"501","PT_SUR_DC","MPA","Observed",25
"502","PT_SUR_DC","MPA","Shannon",1.78300801585534
"503","PT_SUR_DC","MPA","InvSimpson",3.90247467453676
"504","PT_SUR_DC","MPA","Biomass",373.5
"505","PT_SUR_UC","MPA","Observed",26
"506","PT_SUR_UC","MPA","Shannon",1.28783623568604
"507","PT_SUR_UC","MPA","InvSimpson",2.65270868046898
"508","PT_SUR_UC","MPA","Biomass",709
"509","PURISIMA_N","MPA","Observed",3014
"510","PURISIMA_N","MPA","Shannon",6.09853753447736
"511","PURISIMA_N","MPA","InvSimpson",207.174433839903
"512","PURISIMA_N","MPA","Biomass",22598.027854
"513","PURISIMA_S","MPA","Observed",2585
"514","PURISIMA_S","MPA","Shannon",6.11402404097552
"515","PURISIMA_S","MPA","InvSimpson",210.905669329195
"516","PURISIMA_S","MPA","Biomass",14452.611061
"517","RADAR","MPA","Observed",160
"518","RADAR","MPA","Shannon",3.46493118230914
"519","RADAR","MPA","InvSimpson",20.7611607881909
"520","RADAR","MPA","Biomass",1270.166638
"521","SABER_JETS","reference","Observed",30
"522","SABER_JETS","reference","Shannon",1.43113315216324
"523","SABER_JETS","reference","InvSimpson",2.73658329661365
"524","SABER_JETS","reference","Biomass",834.000005
"525","SALMON_CREEK_DC","reference","Observed",89
"526","SALMON_CREEK_DC","reference","Shannon",3.03793082761103
"527","SALMON_CREEK_DC","reference","InvSimpson",12.5763260510041
"528","SALMON_CREEK_DC","reference","Biomass",726.833295
"529","SALMON_CREEK_UC","reference","Observed",160
"530","SALMON_CREEK_UC","reference","Shannon",3.50756554500689
"531","SALMON_CREEK_UC","reference","InvSimpson",22.1363964263166
"532","SALMON_CREEK_UC","reference","Biomass",1919.166684
"533","SAL_CEN","reference","Observed",16
"534","SAL_CEN","reference","Shannon",1.33252485569427
"535","SAL_CEN","reference","InvSimpson",2.2667780830439
"536","SAL_CEN","reference","Biomass",118.499992
"537","SAL_FAR_WEST","reference","Observed",NA
"538","SAL_FAR_WEST","reference","Shannon",NA
"539","SAL_FAR_WEST","reference","InvSimpson",NA
"540","SAL_FAR_WEST","reference","Biomass",NA
"541","SAL_N","reference","Observed",402
"542","SAL_N","reference","Shannon",4.69103061904041
"543","SAL_N","reference","InvSimpson",80.5149178757612
"544","SAL_N","reference","Biomass",4748.589218
"545","SAL_S","reference","Observed",366
"546","SAL_S","reference","Shannon",4.3401545329703
"547","SAL_S","reference","InvSimpson",52.2420993130919
"548","SAL_S","reference","Biomass",4994.57605
"549","SAL_W","reference","Observed",14
"550","SAL_W","reference","Shannon",1.34810230721768
"551","SAL_W","reference","InvSimpson",2.74517074436185
"552","SAL_W","reference","Biomass",208.958333
"553","SANDHILL_DC","reference","Observed",6110
"554","SANDHILL_DC","reference","Shannon",6.8566904912332
"555","SANDHILL_DC","reference","InvSimpson",476.047720414063
"556","SANDHILL_DC","reference","Biomass",88803.579163
"557","SANDHILL_UC","reference","Observed",5993
"558","SANDHILL_UC","reference","Shannon",6.26353016708842
"559","SANDHILL_UC","reference","InvSimpson",163.587728558471
"560","SANDHILL_UC","reference","Biomass",115644.756643
"561","SAN_SIMEON_BAY","reference","Observed",134
"562","SAN_SIMEON_BAY","reference","Shannon",3.02153712344444
"563","SAN_SIMEON_BAY","reference","InvSimpson",13.937544779882
"564","SAN_SIMEON_BAY","reference","Biomass",1982.333406
"565","SAN_SIMEON_DC","reference","Observed",838
"566","SAN_SIMEON_DC","reference","Shannon",4.69797219511123
"567","SAN_SIMEON_DC","reference","InvSimpson",60.4388668765412
"568","SAN_SIMEON_DC","reference","Biomass",11358.666009
"569","SAN_SIMEON_UC","reference","Observed",1045
"570","SAN_SIMEON_UC","reference","Shannon",5.23005515633183
"571","SAN_SIMEON_UC","reference","InvSimpson",111.860494097324
"572","SAN_SIMEON_UC","reference","Biomass",9024.16626
"573","SBI_ARCH_POINT_CEN","reference","Observed",NA
"574","SBI_ARCH_POINT_CEN","reference","Shannon",NA
"575","SBI_ARCH_POINT_CEN","reference","InvSimpson",NA
"576","SBI_ARCH_POINT_CEN","reference","Biomass",NA
"577","SBI_ARCH_POINT_N","reference","Observed",NA
"578","SBI_ARCH_POINT_N","reference","Shannon",NA
"579","SBI_ARCH_POINT_N","reference","InvSimpson",NA
"580","SBI_ARCH_POINT_N","reference","Biomass",NA
"581","SBI_ARCH_POINT_S","reference","Observed",NA
"582","SBI_ARCH_POINT_S","reference","Shannon",NA
"583","SBI_ARCH_POINT_S","reference","InvSimpson",NA
"584","SBI_ARCH_POINT_S","reference","Biomass",NA
"585","SBI_CAT_CANYON_CEN","reference","Observed",NA
"586","SBI_CAT_CANYON_CEN","reference","Shannon",NA
"587","SBI_CAT_CANYON_CEN","reference","InvSimpson",NA
"588","SBI_CAT_CANYON_CEN","reference","Biomass",NA
"589","SBI_CAT_CANYON_W","reference","Observed",NA
"590","SBI_CAT_CANYON_W","reference","Shannon",NA
"591","SBI_CAT_CANYON_W","reference","InvSimpson",NA
"592","SBI_CAT_CANYON_W","reference","Biomass",NA
"593","SBI_GRAVEYARD_CANYON_CEN","MPA","Observed",NA
"594","SBI_GRAVEYARD_CANYON_CEN","MPA","Shannon",NA
"595","SBI_GRAVEYARD_CANYON_CEN","MPA","InvSimpson",NA
"596","SBI_GRAVEYARD_CANYON_CEN","MPA","Biomass",NA
"597","SBI_GRAVEYARD_CANYON_N","MPA","Observed",NA
"598","SBI_GRAVEYARD_CANYON_N","MPA","Shannon",NA
"599","SBI_GRAVEYARD_CANYON_N","MPA","InvSimpson",NA
"600","SBI_GRAVEYARD_CANYON_N","MPA","Biomass",NA
"601","SBI_SOUTHEAST_REEF_CEN","MPA","Observed",NA
"602","SBI_SOUTHEAST_REEF_CEN","MPA","Shannon",NA
"603","SBI_SOUTHEAST_REEF_CEN","MPA","InvSimpson",NA
"604","SBI_SOUTHEAST_REEF_CEN","MPA","Biomass",NA
"605","SBI_SOUTHEAST_REEF_S","MPA","Observed",NA
"606","SBI_SOUTHEAST_REEF_S","MPA","Shannon",NA
"607","SBI_SOUTHEAST_REEF_S","MPA","InvSimpson",NA
"608","SBI_SOUTHEAST_REEF_S","MPA","Biomass",NA
"609","SBI_SOUTHEAST_SEA_LION_CEN","MPA","Observed",NA
"610","SBI_SOUTHEAST_SEA_LION_CEN","MPA","Shannon",NA
"611","SBI_SOUTHEAST_SEA_LION_CEN","MPA","InvSimpson",NA
"612","SBI_SOUTHEAST_SEA_LION_CEN","MPA","Biomass",NA
"613","SBI_SOUTHEAST_SEA_LION_N","MPA","Observed",NA
"614","SBI_SOUTHEAST_SEA_LION_N","MPA","Shannon",NA
"615","SBI_SOUTHEAST_SEA_LION_N","MPA","InvSimpson",NA
"616","SBI_SOUTHEAST_SEA_LION_N","MPA","Biomass",NA
"617","SBI_WEBSTERS_ARCH_CEN","reference","Observed",NA
"618","SBI_WEBSTERS_ARCH_CEN","reference","Shannon",NA
"619","SBI_WEBSTERS_ARCH_CEN","reference","InvSimpson",NA
"620","SBI_WEBSTERS_ARCH_CEN","reference","Biomass",NA
"621","SBI_WEBSTERS_ARCH_E","reference","Observed",NA
"622","SBI_WEBSTERS_ARCH_E","reference","Shannon",NA
"623","SBI_WEBSTERS_ARCH_E","reference","InvSimpson",NA
"624","SBI_WEBSTERS_ARCH_E","reference","Biomass",NA
"625","SBI_WEBSTERS_ARCH_N","reference","Observed",NA
"626","SBI_WEBSTERS_ARCH_N","reference","Shannon",NA
"627","SBI_WEBSTERS_ARCH_N","reference","InvSimpson",NA
"628","SBI_WEBSTERS_ARCH_N","reference","Biomass",NA
"629","SCI_CAVERN_POINT_E","MPA","Observed",11192
"630","SCI_CAVERN_POINT_E","MPA","Shannon",7.04211297236706
"631","SCI_CAVERN_POINT_E","MPA","InvSimpson",458.237485529697
"632","SCI_CAVERN_POINT_E","MPA","Biomass",250802.50035
"633","SCI_CAVERN_POINT_W","MPA","Observed",11184
"634","SCI_CAVERN_POINT_W","MPA","Shannon",7.04011286590147
"635","SCI_CAVERN_POINT_W","MPA","InvSimpson",465.426967029245
"636","SCI_CAVERN_POINT_W","MPA","Biomass",256389.834628
"637","SCI_COCHE_POINT_E","reference","Observed",14511
"638","SCI_COCHE_POINT_E","reference","Shannon",7.03087763734948
"639","SCI_COCHE_POINT_E","reference","InvSimpson",563.520833388187
"640","SCI_COCHE_POINT_E","reference","Biomass",417219.549402
"641","SCI_COCHE_POINT_W","reference","Observed",14220
"642","SCI_COCHE_POINT_W","reference","Shannon",6.84224190621421
"643","SCI_COCHE_POINT_W","reference","InvSimpson",485.208699730598
"644","SCI_COCHE_POINT_W","reference","Biomass",490529.676083
"645","SCI_FORNEY_E","reference","Observed",17681
"646","SCI_FORNEY_E","reference","Shannon",7.51493874663804
"647","SCI_FORNEY_E","reference","InvSimpson",863.817352862965
"648","SCI_FORNEY_E","reference","Biomass",478278.227359
"649","SCI_FORNEY_W","reference","Observed",18188
"650","SCI_FORNEY_W","reference","Shannon",7.62707665373646
"651","SCI_FORNEY_W","reference","InvSimpson",942.933902691908
"652","SCI_FORNEY_W","reference","Biomass",463490.037587
"653","SCI_GULL_ISLE_E","MPA","Observed",14723
"654","SCI_GULL_ISLE_E","MPA","Shannon",7.80674511866419
"655","SCI_GULL_ISLE_E","MPA","InvSimpson",1202.454254108
"656","SCI_GULL_ISLE_E","MPA","Biomass",342178.487685
"657","SCI_GULL_ISLE_W","MPA","Observed",14784
"658","SCI_GULL_ISLE_W","MPA","Shannon",7.60211233885002
"659","SCI_GULL_ISLE_W","MPA","InvSimpson",918.265762199534
"660","SCI_GULL_ISLE_W","MPA","Biomass",284979.829358
"661","SCI_HAZARDS_CEN","reference","Observed",19368
"662","SCI_HAZARDS_CEN","reference","Shannon",7.76624114648589
"663","SCI_HAZARDS_CEN","reference","InvSimpson",1076.1428952717
"664","SCI_HAZARDS_CEN","reference","Biomass",378631.5
"665","SCI_HAZARDS_E","reference","Observed",18399
"666","SCI_HAZARDS_E","reference","Shannon",7.73381583404157
"667","SCI_HAZARDS_E","reference","InvSimpson",1143.49620748295
"668","SCI_HAZARDS_E","reference","Biomass",398221.3125
"669","SCI_HAZARDS_W","reference","Observed",19172
"670","SCI_HAZARDS_W","reference","Shannon",7.70101232309913
"671","SCI_HAZARDS_W","reference","InvSimpson",894.717570987869
"672","SCI_HAZARDS_W","reference","Biomass",419755.187557
"673","SCI_LITTLE_SCORPION_E","reference","Observed",696
"674","SCI_LITTLE_SCORPION_E","reference","Shannon",4.36384595047086
"675","SCI_LITTLE_SCORPION_E","reference","InvSimpson",40.9663615312204
"676","SCI_LITTLE_SCORPION_E","reference","Biomass",18918.499434
"677","SCI_LITTLE_SCORPION_W","reference","Observed",693
"678","SCI_LITTLE_SCORPION_W","reference","Shannon",3.99176313758612
"679","SCI_LITTLE_SCORPION_W","reference","InvSimpson",30.9732291339825
"680","SCI_LITTLE_SCORPION_W","reference","Biomass",24171.625599
"681","SCI_PAINTED_CAVE_CEN","MPA","Observed",13281
"682","SCI_PAINTED_CAVE_CEN","MPA","Shannon",7.39453938212237
"683","SCI_PAINTED_CAVE_CEN","MPA","InvSimpson",940.34323730299
"684","SCI_PAINTED_CAVE_CEN","MPA","Biomass",471104.85
"685","SCI_PAINTED_CAVE_E","MPA","Observed",12951
"686","SCI_PAINTED_CAVE_E","MPA","Shannon",7.48869163087882
"687","SCI_PAINTED_CAVE_E","MPA","InvSimpson",1026.78923573192
"688","SCI_PAINTED_CAVE_E","MPA","Biomass",468246.75
"689","SCI_PAINTED_CAVE_W","MPA","Observed",13306
"690","SCI_PAINTED_CAVE_W","MPA","Shannon",7.48641909659058
"691","SCI_PAINTED_CAVE_W","MPA","InvSimpson",904.491692221989
"692","SCI_PAINTED_CAVE_W","MPA","Biomass",364456
"693","SCI_PELICAN_CEN","reference","Observed",17527
"694","SCI_PELICAN_CEN","reference","Shannon",8.02451960393904
"695","SCI_PELICAN_CEN","reference","InvSimpson",1386.10695234119
"696","SCI_PELICAN_CEN","reference","Biomass",315426.999944
"697","SCI_PELICAN_E","reference","Observed",16479
"698","SCI_PELICAN_E","reference","Shannon",7.70537168352694
"699","SCI_PELICAN_E","reference","InvSimpson",1006.23255063159
"700","SCI_PELICAN_E","reference","Biomass",374026.75004
"701","SCI_PELICAN_FAR_WEST","reference","Observed",NA
"702","SCI_PELICAN_FAR_WEST","reference","Shannon",NA
"703","SCI_PELICAN_FAR_WEST","reference","InvSimpson",NA
"704","SCI_PELICAN_FAR_WEST","reference","Biomass",NA
"705","SCI_PELICAN_W","reference","Observed",15693
"706","SCI_PELICAN_W","reference","Shannon",7.1239843147217
"707","SCI_PELICAN_W","reference","InvSimpson",654.68890100546
"708","SCI_PELICAN_W","reference","Biomass",652095.124988
"709","SCI_POTATO_PASTURE_E","MPA","Observed",654
"710","SCI_POTATO_PASTURE_E","MPA","Shannon",3.92783325199477
"711","SCI_POTATO_PASTURE_E","MPA","InvSimpson",27.0334840688814
"712","SCI_POTATO_PASTURE_E","MPA","Biomass",25161.502203
"713","SCI_POTATO_PASTURE_W","MPA","Observed",678
"714","SCI_POTATO_PASTURE_W","MPA","Shannon",3.86359608344272
"715","SCI_POTATO_PASTURE_W","MPA","InvSimpson",28.4705878776129
"716","SCI_POTATO_PASTURE_W","MPA","Biomass",32110.99959
"717","SCI_SAN_PEDRO_POINT_E","reference","Observed",702
"718","SCI_SAN_PEDRO_POINT_E","reference","Shannon",3.78206728889851
"719","SCI_SAN_PEDRO_POINT_E","reference","InvSimpson",26.3154105549974
"720","SCI_SAN_PEDRO_POINT_E","reference","Biomass",38147.124945
"721","SCI_SAN_PEDRO_POINT_W","reference","Observed",735
"722","SCI_SAN_PEDRO_POINT_W","reference","Shannon",4.30947708193602
"723","SCI_SAN_PEDRO_POINT_W","reference","InvSimpson",42.1519253351459
"724","SCI_SAN_PEDRO_POINT_W","reference","Biomass",18643.375185
"725","SCI_SCORPION_ANCHORAGE","MPA","Observed",950
"726","SCI_SCORPION_ANCHORAGE","MPA","Shannon",4.1208360293016
"727","SCI_SCORPION_ANCHORAGE","MPA","InvSimpson",30.7315055261425
"728","SCI_SCORPION_ANCHORAGE","MPA","Biomass",41538.002234
"729","SCI_SCORPION_E","MPA","Observed",14272
"730","SCI_SCORPION_E","MPA","Shannon",7.45202544767905
"731","SCI_SCORPION_E","MPA","InvSimpson",877.021860435428
"732","SCI_SCORPION_E","MPA","Biomass",365694.164831
"733","SCI_SCORPION_W","MPA","Observed",14572
"734","SCI_SCORPION_W","MPA","Shannon",7.32435755357904
"735","SCI_SCORPION_W","MPA","InvSimpson",771.285850815911
"736","SCI_SCORPION_W","MPA","Biomass",393837.151807
"737","SCI_VALLEY_CEN","reference","Observed",8734
"738","SCI_VALLEY_CEN","reference","Shannon",7.23187656508727
"739","SCI_VALLEY_CEN","reference","InvSimpson",840.41198813752
"740","SCI_VALLEY_CEN","reference","Biomass",205148.25
"741","SCI_VALLEY_E","reference","Observed",7472
"742","SCI_VALLEY_E","reference","Shannon",7.10290105925844
"743","SCI_VALLEY_E","reference","InvSimpson",757.149034518868
"744","SCI_VALLEY_E","reference","Biomass",193604.5
"745","SCI_VALLEY_W","reference","Observed",8466
"746","SCI_VALLEY_W","reference","Shannon",6.44914752374892
"747","SCI_VALLEY_W","reference","InvSimpson",350.801690689909
"748","SCI_VALLEY_W","reference","Biomass",304977.5
"749","SCI_YELLOWBANKS_CEN","reference","Observed",12623
"750","SCI_YELLOWBANKS_CEN","reference","Shannon",7.68264716127655
"751","SCI_YELLOWBANKS_CEN","reference","InvSimpson",1220.34157248966
"752","SCI_YELLOWBANKS_CEN","reference","Biomass",252528.167859
"753","SCI_YELLOWBANKS_E","reference","Observed",110
"754","SCI_YELLOWBANKS_E","reference","Shannon",2.56015289159027
"755","SCI_YELLOWBANKS_E","reference","InvSimpson",5.67576661359719
"756","SCI_YELLOWBANKS_E","reference","Biomass",2528.666646
"757","SCI_YELLOWBANKS_W","reference","Observed",13888
"758","SCI_YELLOWBANKS_W","reference","Shannon",7.8526792590234
"759","SCI_YELLOWBANKS_W","reference","InvSimpson",1398.82057751611
"760","SCI_YELLOWBANKS_W","reference","Biomass",175070.503094
"761","SIREN","MPA","Observed",9128
"762","SIREN","MPA","Shannon",6.96807755184821
"763","SIREN","MPA","InvSimpson",442.888253015004
"764","SIREN","MPA","Biomass",123435.27889
"765","SMI_BAY_POINT","MPA","Observed",NA
"766","SMI_BAY_POINT","MPA","Shannon",NA
"767","SMI_BAY_POINT","MPA","InvSimpson",NA
"768","SMI_BAY_POINT","MPA","Biomass",NA
"769","SMI_CROOK_POINT_E","reference","Observed",3556
"770","SMI_CROOK_POINT_E","reference","Shannon",6.33103408877942
"771","SMI_CROOK_POINT_E","reference","InvSimpson",318.612091083227
"772","SMI_CROOK_POINT_E","reference","Biomass",56249.232616
"773","SMI_CROOK_POINT_W","reference","Observed",4320
"774","SMI_CROOK_POINT_W","reference","Shannon",6.49298725624547
"775","SMI_CROOK_POINT_W","reference","InvSimpson",343.434894987004
"776","SMI_CROOK_POINT_W","reference","Biomass",55944.42145
"777","SMI_CUYLER_E","reference","Observed",9806
"778","SMI_CUYLER_E","reference","Shannon",7.09939248699602
"779","SMI_CUYLER_E","reference","InvSimpson",645.661381813962
"780","SMI_CUYLER_E","reference","Biomass",182474.418165
"781","SMI_CUYLER_W","reference","Observed",11568
"782","SMI_CUYLER_W","reference","Shannon",6.97384607687613
"783","SMI_CUYLER_W","reference","InvSimpson",517.860645377567
"784","SMI_CUYLER_W","reference","Biomass",293840.412017
"785","SMI_HARE_ROCK","MPA","Observed",NA
"786","SMI_HARE_ROCK","MPA","Shannon",NA
"787","SMI_HARE_ROCK","MPA","InvSimpson",NA
"788","SMI_HARE_ROCK","MPA","Biomass",NA
"789","SMI_HARRIS_PT_RESERVE_E","MPA","Observed",10200
"790","SMI_HARRIS_PT_RESERVE_E","MPA","Shannon",6.86143022334428
"791","SMI_HARRIS_PT_RESERVE_E","MPA","InvSimpson",451.256896843923
"792","SMI_HARRIS_PT_RESERVE_E","MPA","Biomass",310181.239605
"793","SMI_HARRIS_PT_RESERVE_W","MPA","Observed",9660
"794","SMI_HARRIS_PT_RESERVE_W","MPA","Shannon",6.72883881025356
"795","SMI_HARRIS_PT_RESERVE_W","MPA","InvSimpson",474.560800297557
"796","SMI_HARRIS_PT_RESERVE_W","MPA","Biomass",272166.24453
"797","SMI_PRINCE_ISLAND_CEN","MPA","Observed",30
"798","SMI_PRINCE_ISLAND_CEN","MPA","Shannon",1.88856876040867
"799","SMI_PRINCE_ISLAND_CEN","MPA","InvSimpson",4.7147874493564
"800","SMI_PRINCE_ISLAND_CEN","MPA","Biomass",868.083296
"801","SMI_PRINCE_ISLAND_N","MPA","Observed",26
"802","SMI_PRINCE_ISLAND_N","MPA","Shannon",1.6087597579232
"803","SMI_PRINCE_ISLAND_N","MPA","InvSimpson",3.31454657380629
"804","SMI_PRINCE_ISLAND_N","MPA","Biomass",431.277826
"805","SMI_TYLER_BIGHT_E","reference","Observed",4005
"806","SMI_TYLER_BIGHT_E","reference","Shannon",6.40397235562044
"807","SMI_TYLER_BIGHT_E","reference","InvSimpson",301.019334367432
"808","SMI_TYLER_BIGHT_E","reference","Biomass",67551.750405
"809","SMI_TYLER_BIGHT_W","reference","Observed",4570
"810","SMI_TYLER_BIGHT_W","reference","Shannon",6.76885564420828
"811","SMI_TYLER_BIGHT_W","reference","InvSimpson",497.77496153343
"812","SMI_TYLER_BIGHT_W","reference","Biomass",67335.45472
"813","SOBERANES","reference","Observed",7038
"814","SOBERANES","reference","Shannon",5.71644773140172
"815","SOBERANES","reference","InvSimpson",130.486425240891
"816","SOBERANES","reference","Biomass",240709.193274
"817","SOUTH_WRECK_DC","reference","Observed",5550
"818","SOUTH_WRECK_DC","reference","Shannon",6.85289282255833
"819","SOUTH_WRECK_DC","reference","InvSimpson",558.443159352881
"820","SOUTH_WRECK_DC","reference","Biomass",68132.223292
"821","SOUTH_WRECK_UC","reference","Observed",4503
"822","SOUTH_WRECK_UC","reference","Shannon",6.25862511728741
"823","SOUTH_WRECK_UC","reference","InvSimpson",204.234808721244
"824","SOUTH_WRECK_UC","reference","Biomass",59053.08148
"825","SPANISH_BAY_DC","MPA","Observed",324
"826","SPANISH_BAY_DC","MPA","Shannon",4.00779439614613
"827","SPANISH_BAY_DC","MPA","InvSimpson",32.7692648836691
"828","SPANISH_BAY_DC","MPA","Biomass",2337.250104
"829","SPANISH_BAY_UC","MPA","Observed",357
"830","SPANISH_BAY_UC","MPA","Shannon",4.28088306097424
"831","SPANISH_BAY_UC","MPA","InvSimpson",40.0578704388751
"832","SPANISH_BAY_UC","MPA","Biomass",1876.000029
"833","SPROUTS","MPA","Observed",67
"834","SPROUTS","MPA","Shannon",2.06127888993764
"835","SPROUTS","MPA","InvSimpson",4.12949345315962
"836","SPROUTS","MPA","Biomass",829.8334
"837","SRI_BEACON_REEF_E","MPA","Observed",102
"838","SRI_BEACON_REEF_E","MPA","Shannon",3.13884591553552
"839","SRI_BEACON_REEF_E","MPA","InvSimpson",13.6834535218974
"840","SRI_BEACON_REEF_E","MPA","Biomass",2056.166856
"841","SRI_BEACON_REEF_W","MPA","Observed",102
"842","SRI_BEACON_REEF_W","MPA","Shannon",3.38050109298542
"843","SRI_BEACON_REEF_W","MPA","InvSimpson",21.179989849942
"844","SRI_BEACON_REEF_W","MPA","Biomass",1657.41674
"845","SRI_BEE_ROCK_E","reference","Observed",NA
"846","SRI_BEE_ROCK_E","reference","Shannon",NA
"847","SRI_BEE_ROCK_E","reference","InvSimpson",NA
"848","SRI_BEE_ROCK_E","reference","Biomass",NA
"849","SRI_BEE_ROCK_W","reference","Observed",58
"850","SRI_BEE_ROCK_W","reference","Shannon",2.29600509688913
"851","SRI_BEE_ROCK_W","reference","InvSimpson",8.02567058852669
"852","SRI_BEE_ROCK_W","reference","Biomass",1594
"853","SRI_CARRINGTON_CEN","MPA","Observed",21
"854","SRI_CARRINGTON_CEN","MPA","Shannon",1.53588182660966
"855","SRI_CARRINGTON_CEN","MPA","InvSimpson",3.27838319761811
"856","SRI_CARRINGTON_CEN","MPA","Biomass",267.08334
"857","SRI_CARRINGTON_E","MPA","Observed",23
"858","SRI_CARRINGTON_E","MPA","Shannon",1.00692374880803
"859","SRI_CARRINGTON_E","MPA","InvSimpson",2.06140459923193
"860","SRI_CARRINGTON_E","MPA","Biomass",749.333367
"861","SRI_CARRINGTON_W","MPA","Observed",26
"862","SRI_CARRINGTON_W","MPA","Shannon",1.76225312276331
"863","SRI_CARRINGTON_W","MPA","InvSimpson",4.53598867361707
"864","SRI_CARRINGTON_W","MPA","Biomass",337.416674
"865","SRI_CHICKASAW_E","MPA","Observed",1164
"866","SRI_CHICKASAW_E","MPA","Shannon",5.3449837746972
"867","SRI_CHICKASAW_E","MPA","InvSimpson",112.377886922076
"868","SRI_CHICKASAW_E","MPA","Biomass",17247.571984
"869","SRI_CHICKASAW_W","MPA","Observed",1086
"870","SRI_CHICKASAW_W","MPA","Shannon",5.17506575599602
"871","SRI_CHICKASAW_W","MPA","InvSimpson",88.8066214844144
"872","SRI_CHICKASAW_W","MPA","Biomass",21131.66638
"873","SRI_CLUSTER_POINT_N","reference","Observed",11948
"874","SRI_CLUSTER_POINT_N","reference","Shannon",7.42726574249941
"875","SRI_CLUSTER_POINT_N","reference","InvSimpson",916.764382178796
"876","SRI_CLUSTER_POINT_N","reference","Biomass",170095.166583
"877","SRI_CLUSTER_POINT_S","reference","Observed",11254
"878","SRI_CLUSTER_POINT_S","reference","Shannon",7.0897251098534
"879","SRI_CLUSTER_POINT_S","reference","InvSimpson",527.255527207033
"880","SRI_CLUSTER_POINT_S","reference","Biomass",194811.829696
"881","SRI_FORD_POINT","reference","Observed",NA
"882","SRI_FORD_POINT","reference","Shannon",NA
"883","SRI_FORD_POINT","reference","InvSimpson",NA
"884","SRI_FORD_POINT","reference","Biomass",NA
"885","SRI_JOHNSONS_LEE_NORTH_E","reference","Observed",1114
"886","SRI_JOHNSONS_LEE_NORTH_E","reference","Shannon",5.21202897481952
"887","SRI_JOHNSONS_LEE_NORTH_E","reference","InvSimpson",91.6498153451474
"888","SRI_JOHNSONS_LEE_NORTH_E","reference","Biomass",13809.999842
"889","SRI_JOHNSONS_LEE_NORTH_W","reference","Observed",1016
"890","SRI_JOHNSONS_LEE_NORTH_W","reference","Shannon",5.08454594085891
"891","SRI_JOHNSONS_LEE_NORTH_W","reference","InvSimpson",85.1440206350791
"892","SRI_JOHNSONS_LEE_NORTH_W","reference","Biomass",13548.333114
"893","SRI_JOHNSONS_LEE_SOUTH_E","reference","Observed",12648
"894","SRI_JOHNSONS_LEE_SOUTH_E","reference","Shannon",7.11732971901184
"895","SRI_JOHNSONS_LEE_SOUTH_E","reference","InvSimpson",486.11456430585
"896","SRI_JOHNSONS_LEE_SOUTH_E","reference","Biomass",298156.827338
"897","SRI_JOHNSONS_LEE_SOUTH_W","reference","Observed",12120
"898","SRI_JOHNSONS_LEE_SOUTH_W","reference","Shannon",7.13028144543605
"899","SRI_JOHNSONS_LEE_SOUTH_W","reference","InvSimpson",496.735648624337
"900","SRI_JOHNSONS_LEE_SOUTH_W","reference","Biomass",265971.321674
"901","SRI_JOLLA_VIEJA_E","reference","Observed",NA
"902","SRI_JOLLA_VIEJA_E","reference","Shannon",NA
"903","SRI_JOLLA_VIEJA_E","reference","InvSimpson",NA
"904","SRI_JOLLA_VIEJA_E","reference","Biomass",NA
"905","SRI_JOLLA_VIEJA_W","reference","Observed",NA
"906","SRI_JOLLA_VIEJA_W","reference","Shannon",NA
"907","SRI_JOLLA_VIEJA_W","reference","InvSimpson",NA
"908","SRI_JOLLA_VIEJA_W","reference","Biomass",NA
"909","SRI_MONACOS_E","reference","Observed",NA
"910","SRI_MONACOS_E","reference","Shannon",NA
"911","SRI_MONACOS_E","reference","InvSimpson",NA
"912","SRI_MONACOS_E","reference","Biomass",NA
"913","SRI_MONACOS_W","reference","Observed",NA
"914","SRI_MONACOS_W","reference","Shannon",NA
"915","SRI_MONACOS_W","reference","InvSimpson",NA
"916","SRI_MONACOS_W","reference","Biomass",NA
"917","SRI_RODES_REEF_E","reference","Observed",79
"918","SRI_RODES_REEF_E","reference","Shannon",2.59667495227813
"919","SRI_RODES_REEF_E","reference","InvSimpson",9.83002171827776
"920","SRI_RODES_REEF_E","reference","Biomass",2321.250089
"921","SRI_RODES_REEF_W","reference","Observed",194
"922","SRI_RODES_REEF_W","reference","Shannon",3.47324843243319
"923","SRI_RODES_REEF_W","reference","InvSimpson",20.4848145462781
"924","SRI_RODES_REEF_W","reference","Biomass",2544.333492
"925","SRI_SOUTH_POINT_E","MPA","Observed",13529
"926","SRI_SOUTH_POINT_E","MPA","Shannon",7.93608539338646
"927","SRI_SOUTH_POINT_E","MPA","InvSimpson",1774.00085086566
"928","SRI_SOUTH_POINT_E","MPA","Biomass",234473.228462
"929","SRI_SOUTH_POINT_W","MPA","Observed",14574
"930","SRI_SOUTH_POINT_W","MPA","Shannon",7.41201252166632
"931","SRI_SOUTH_POINT_W","MPA","InvSimpson",867.926438152191
"932","SRI_SOUTH_POINT_W","MPA","Biomass",330421.547373
"933","SRI_TRANCION_CANYON_E","MPA","Observed",476
"934","SRI_TRANCION_CANYON_E","MPA","Shannon",4.49525788103367
"935","SRI_TRANCION_CANYON_E","MPA","InvSimpson",59.398262814543
"936","SRI_TRANCION_CANYON_E","MPA","Biomass",8821.333102
"937","SRI_TRANCION_CANYON_W","MPA","Observed",476
"938","SRI_TRANCION_CANYON_W","MPA","Shannon",4.64601913866037
"939","SRI_TRANCION_CANYON_W","MPA","InvSimpson",70.5706038003678
"940","SRI_TRANCION_CANYON_W","MPA","Biomass",10269.500016
"941","STILLWATER_DC","MPA","Observed",25392
"942","STILLWATER_DC","MPA","Shannon",7.70717462394955
"943","STILLWATER_DC","MPA","InvSimpson",804.867951386096
"944","STILLWATER_DC","MPA","Biomass",361877.214988
"945","STILLWATER_UC","MPA","Observed",23736
"946","STILLWATER_UC","MPA","Shannon",7.40599356482502
"947","STILLWATER_UC","MPA","InvSimpson",447.628002587768
"948","STILLWATER_UC","MPA","Biomass",326306.758809
"949","STOCKTON","reference","Observed",62
"950","STOCKTON","reference","Shannon",1.79324462459818
"951","STOCKTON","reference","InvSimpson",3.20366265333935
"952","STOCKTON","reference","Biomass",887.166737
"953","SURF","MPA","Observed",28
"954","SURF","MPA","Shannon",2.30629952631988
"955","SURF","MPA","InvSimpson",6.720533545924
"956","SURF","MPA","Biomass",69.681819
"957","TENERA","MPA","Observed",3880
"958","TENERA","MPA","Shannon",6.32169354689052
"959","TENERA","MPA","InvSimpson",244.631645281613
"960","TENERA","MPA","Biomass",50538.165642
"961","TERRACE_DC","MPA","Observed",4943
"962","TERRACE_DC","MPA","Shannon",6.43257161029848
"963","TERRACE_DC","MPA","InvSimpson",317.121607506946
"964","TERRACE_DC","MPA","Biomass",65178.866278
"965","TERRACE_UC","MPA","Observed",4112
"966","TERRACE_UC","MPA","Shannon",6.37642166924175
"967","TERRACE_UC","MPA","InvSimpson",241.938034696874
"968","TERRACE_UC","MPA","Biomass",45793.966449
"969","THREE_MILE","MPA","Observed",79
"970","THREE_MILE","MPA","Shannon",2.5744988453776
"971","THREE_MILE","MPA","InvSimpson",5.68037305932643
"972","THREE_MILE","MPA","Biomass",594.166641
"973","TORRE_CANYON","reference","Observed",327
"974","TORRE_CANYON","reference","Shannon",4.33606497658114
"975","TORRE_CANYON","reference","InvSimpson",47.9263599549301
"976","TORRE_CANYON","reference","Biomass",3362.333142
"977","VANDENBERG_N","MPA","Observed",60
"978","VANDENBERG_N","MPA","Shannon",2.75031433406231
"979","VANDENBERG_N","MPA","InvSimpson",8.01692984534392
"980","VANDENBERG_N","MPA","Biomass",184.583335
"981","VANDENBERG_S","reference","Observed",31
"982","VANDENBERG_S","reference","Shannon",2.29180310736121
"983","VANDENBERG_S","reference","InvSimpson",5.87965855832281
"984","VANDENBERG_S","reference","Biomass",52.333332
"985","WESTON_DC","MPA","Observed",19267
"986","WESTON_DC","MPA","Shannon",6.95974464724299
"987","WESTON_DC","MPA","InvSimpson",372.478226807663
"988","WESTON_DC","MPA","Biomass",373912.161173
"989","WESTON_UC","MPA","Observed",23408
"990","WESTON_UC","MPA","Shannon",6.98499081911487
"991","WESTON_UC","MPA","InvSimpson",419.538183513033
"992","WESTON_UC","MPA","Biomass",623142.670326
"993","WHALEBOAT_DC","reference","Observed",NA
"994","WHALEBOAT_DC","reference","Shannon",NA
"995","WHALEBOAT_DC","reference","InvSimpson",NA
"996","WHALEBOAT_DC","reference","Biomass",NA
"997","WHALEBOAT_UC","reference","Observed",NA
"998","WHALEBOAT_UC","reference","Shannon",NA
"999","WHALEBOAT_UC","reference","InvSimpson",NA
"1000","WHALEBOAT_UC","reference","Biomass",NA
"1001","WHITE_ROCK_DC","MPA","Observed",3980
"1002","WHITE_ROCK_DC","MPA","Shannon",6.63099671478042
"1003","WHITE_ROCK_DC","MPA","InvSimpson",464.590712940636
"1004","WHITE_ROCK_DC","MPA","Biomass",31578.3327
"1005","WHITE_ROCK_UC","MPA","Observed",4450
"1006","WHITE_ROCK_UC","MPA","Shannon",6.82807496407966
"1007","WHITE_ROCK_UC","MPA","InvSimpson",577.277414686122
"1008","WHITE_ROCK_UC","MPA","Biomass",36586.03585
